number,start_x,start_y,end_x,end_y,imgPath
1,310,228,330,246,1CT007490/S0000000/00000119
2,268,241,339,285,1CT009706 h/S0000000/00000185
3,269,242,334,291,1CT009706 h/S0000000/00000186
4,261,242,333,285,1CT009706 h/S0000000/00000187
5,259,183,302,211,1CT024283/S0000000/00000236
6,181,144,270,224,1CT035004 h/S0000000/00000210
7,181,153,271,232,1CT035004 h/S0000000/00000211
8,172,150,274,246,1CT035004 h/S0000000/00000212
9,163,196,206,229,1CT036987/S0000000/00000076
10,173,188,217,216,1CT041304/S0000000/00000102
11,283,181,350,266,1CT043859 h/S0000000/00000150
12,271,176,342,269,1CT043859 h/S0000000/00000151
13,255,178,348,268,1CT043859 h/S0000000/00000152
14,279,165,313,220,1CT044228 h/S0000000/00000101
15,279,169,315,222,1CT044228 h/S0000000/00000102
16,283,172,317,223,1CT044228 h/S0000000/00000103
17,288,219,320,272,1CT044290/S0000000/00000072
18,229,137,304,239,1CT046142 h/S0000000/00000104
19,229,139,315,234,1CT046142 h/S0000000/00000105
20,233,160,323,228,1CT046142 h/S0000000/00000106
21,212,161,265,228,1CT047145 h/S0000000/00000130
22,190,151,268,253,1CT047145 h/S0000000/00000131
23,205,158,274,248,1CT047145 h/S0000000/00000132
24,258,152,306,242,1CT047403 h/S0000000/00000078
25,251,154,304,247,1CT047403 h/S0000000/00000079
26,233,142,304,253,1CT047403 h/S0000000/00000080
27,255,187,316,291,1CT048056 h/S0000000/00000069
28,252,181,325,299,1CT048056 h/S0000000/00000070
29,253,172,329,286,1CT048056 h/S0000000/00000071
30,196,184,243,258,1CT048468h/S0000000/00000109
31,200,190,233,254,1CT048468h/S0000000/00000110
32,191,203,248,250,1CT048468h/S0000000/00000111
33,286,151,356,252,1CT050154 h/S0000000/00000083
34,295,156,359,241,1CT050154 h/S0000000/00000084
35,287,169,360,232,1CT050154 h/S0000000/00000085
36,269,165,349,256,1CT050715 h/S0000000/00000076
37,262,155,350,249,1CT050715 h/S0000000/00000077
38,256,143,358,265,1CT050715 h/S0000000/00000078
39,251,155,287,244,1CT051238 h/S0000000/00000130
40,241,171,295,248,1CT051238 h/S0000000/00000131
41,256,168,304,223,1CT051238 h/S0000000/00000132
42,279,192,336,290,1CT051241 h/S0000000/00000122
43,281,190,336,293,1CT051241 h/S0000000/00000123
44,281,191,355,286,1CT051241 h/S0000000/00000124
45,200,150,272,223,1CT051367 h/S0000000/00000125
46,207,155,273,227,1CT051367 h/S0000000/00000126
47,188,155,280,227,1CT051367 h/S0000000/00000127
48,186,188,279,259,1CT051499 h/S0000000/00000079
49,151,176,287,269,1CT051499 h/S0000000/00000080
50,153,180,269,246,1CT051499 h/S0000000/00000081
51,180,164,302,210,1CT051949h/S0000000/00000077
52,193,165,263,221,1CT051949h/S0000000/00000078
53,201,169,285,211,1CT051949h/S0000000/00000079
54,151,85,287,221,1CT053128 h/S0000000/00000096
55,135,111,286,220,1CT053128 h/S0000000/00000097
56,131,116,287,224,1CT053128 h/S0000000/00000098
57,261,147,333,232,1CT053365 h/S0000000/00000109
58,254,138,332,230,1CT053365 h/S0000000/00000110
59,246,142,333,230,1CT053365 h/S0000000/00000111
60,234,168,296,229,1CT053677 h/S0000000/00000074
61,234,172,305,216,1CT053677 h/S0000000/00000075
62,230,169,299,193,1CT053677 h/S0000000/00000076
63,148,160,252,248,1CT054091 h/S0000000/00000111
64,150,174,235,247,1CT054091 h/S0000000/00000112
65,165,177,229,246,1CT054091 h/S0000000/00000113
66,209,220,258,251,1CT054427/S0000000/00000098
67,267,237,325,299,1CT054766 h/S0000000/00000103
68,266,210,324,291,1CT054766 h/S0000000/00000104
69,265,217,334,290,1CT054766 h/S0000000/00000105
70,250,167,321,261,1CT056584 h/S0000000/00000143
71,249,160,334,263,1CT056584 h/S0000000/00000144
72,246,166,348,265,1CT056584 h/S0000000/00000145
73,257,146,333,262,1CT057368 h/S0000000/00000101
74,259,146,320,276,1CT057368 h/S0000000/00000102
75,254,145,325,281,1CT057368 h/S0000000/00000103
76,205,170,290,271,1CT057490 h/S0000000/00000077
77,212,198,289,271,1CT057490 h/S0000000/00000078
78,211,205,286,252,1CT057490 h/S0000000/00000079
79,241,178,328,257,1CT057492 h/S0000000/00000081
80,245,171,325,254,1CT057492 h/S0000000/00000082
81,242,153,319,263,1CT057492 h/S0000000/00000083
82,274,215,344,294,1CT059199/S0000000/00000115
83,246,210,358,295,1CT059199/S0000000/00000117
84,225,205,354,288,1CT059199/S0000000/00000118
85,244,221,352,290,1CT059199/S0000000/00000119
86,218,147,271,207,1CT059205 h/S0000000/00000089
87,221,151,269,192,1CT059205 h/S0000000/00000090
88,222,155,266,187,1CT059205 h/S0000000/00000091
89,142,181,215,252,1CT059692 h/S0000000/00000107
90,141,185,215,235,1CT059692 h/S0000000/00000108
91,144,189,221,236,1CT059692 h/S0000000/00000109
92,253,148,293,189,1CT059772/S0000000/00000099
93,226,140,290,188,1CT059772/S0000000/00000105
94,206,146,298,188,1CT059772/S0000000/00000106
95,227,151,303,210,1CT059772/S0000000/00000107
96,247,181,319,270,1CT060457 h/S0000000/00000072
97,250,183,308,263,1CT060457 h/S0000000/00000073
98,248,182,316,270,1CT060457 h/S0000000/00000074
99,187,162,227,210,1CT061001/S0000000/00000100
100,249,199,304,279,1CT061360 h/S0000000/00000063
101,247,208,298,275,1CT061360 h/S0000000/00000064
102,231,207,301,280,1CT061360 h/S0000000/00000065
103,259,172,305,238,1CT061975 h/S0000000/00000099
104,262,167,314,249,1CT061975 h/S0000000/00000100
105,260,173,314,262,1CT061975 h/S0000000/00000101
106,219,192,271,264,1CT061999 h/S0000000/00000109
107,204,193,279,265,1CT061999 h/S0000000/00000110
108,209,197,282,267,1CT061999 h/S0000000/00000111
109,252,189,324,273,1CT062070 h/S0000000/00000281
110,256,167,321,266,1CT062070 h/S0000000/00000282
111,253,177,331,276,1CT062070 h/S0000000/00000283
112,251,157,324,283,1CT062786 h/S0000000/00000103
113,247,161,336,287,1CT062786 h/S0000000/00000104
114,240,164,343,284,1CT062786 h/S0000000/00000105
115,241,161,301,250,1CT062932 h/S0000000/00000074
116,248,185,296,252,1CT062932 h/S0000000/00000075
117,235,144,316,259,1CT062932 h/S0000000/00000076
118,259,160,318,237,1CT063224 h/S0000000/00000166
119,254,159,325,244,1CT063224 h/S0000000/00000167
120,251,160,322,250,1CT063224 h/S0000000/00000168
121,251,209,302,270,1CT063389 h/S0000000/00000090
122,213,198,297,275,1CT063389 h/S0000000/00000091
123,256,206,297,270,1CT063389 h/S0000000/00000092
124,251,214,327,294,1CT064754 h/6-Venous Phase  7.0  B30f/00000156
125,255,215,330,302,1CT064754 h/6-Venous Phase  7.0  B30f/00000157
126,251,214,329,295,1CT064754 h/6-Venous Phase  7.0  B30f/00000158
127,166,140,288,222,1CT064892 h/4-Venous Phase  7.0  B30f/00000118
128,166,141,301,239,1CT064892 h/4-Venous Phase  7.0  B30f/00000119
129,174,140,283,217,1CT064892 h/4-Venous Phase  7.0  B30f/00000120
130,237,138,282,229,1CT065006 h/4-Venous Phase  7.0  B30f/00000117
131,244,141,283,240,1CT065006 h/4-Venous Phase  7.0  B30f/00000118
132,245,138,293,250,1CT065006 h/4-Venous Phase  7.0  B30f/00000119
133,190,217,231,243,1CT065806/4-Venous Phase  7.0  B30f/00000106
134,286,193,316,246,1CT065806/5-Venous Phase  3.0  B30f/00000181
135,313,185,354,219,1CT065806/5-Venous Phase  3.0  B30f/00000184
136,256,193,312,256,1CT066837 h/4-Venous Phase  7.0  B20f/00000068
137,260,180,318,284,1CT066837 h/4-Venous Phase  7.0  B20f/00000069
138,263,176,319,272,1CT066837 h/4-Venous Phase  7.0  B20f/00000070
139,212,195,254,224,1CT066913 h/4-Venous Phase  7.0  B20f/00000076
140,207,188,255,227,1CT066913 h/4-Venous Phase  7.0  B20f/00000077
141,206,180,254,228,1CT066913 h/4-Venous Phase  7.0  B20f/00000078
142,165,188,219,249,1CT068048/4-Venous Phase  7.0  B30f/00000086
143,158,164,232,236,1CT068093 h/4-Venous Phase  7.0  B30f/00000104
144,145,160,215,197,1CT068093 h/4-Venous Phase  7.0  B30f/00000105
145,153,162,215,193,1CT068093 h/4-Venous Phase  7.0  B30f/00000106
146,185,193,283,250,1CT068357 h/4-Venous Phase  7.0  B20f/00000117
147,186,161,285,247,1CT068357 h/4-Venous Phase  7.0  B20f/00000118
148,181,170,285,245,1CT068357 h/4-Venous Phase  7.0  B20f/00000119
149,227,192,274,223,1CT068372 h/4-Venous Phase  7.0  B20f/00000080
150,222,193,268,224,1CT068372 h/4-Venous Phase  7.0  B20f/00000081
151,224,199,269,221,1CT068372 h/4-Venous Phase  7.0  B20f/00000082
152,216,153,274,201,1CT069454 h/4-Venous Phase  7.0  B30f/00000075
153,218,159,283,200,1CT069454 h/4-Venous Phase  7.0  B30f/00000076
154,220,160,279,200,1CT069454 h/4-Venous Phase  7.0  B30f/00000077
155,279,263,322,297,1CT073029/6-venous/00000166
156,255,201,343,261,1CT073763 h/4-/00000217
157,257,201,319,260,1CT073763 h/4-/00000218
158,254,199,326,259,1CT073763 h/4-/00000219
159,270,239,334,315,1CT074076 h/4-/00000270
160,275,247,333,316,1CT074076 h/4-/00000271
161,279,224,330,326,1CT074076 h/4-/00000272
162,202,229,271,274,1CT074138 h/4-/00000171
163,206,227,274,279,1CT074138 h/4-/00000172
164,208,221,275,277,1CT074138 h/4-/00000173
165,176,148,254,200,1CT076069/4-Venous Phase  7.0  B30f/00000102
166,255,189,289,260,1CT076277/4-/00000188
167,271,235,322,314,1CT076417 h/4-/00000212
168,274,237,322,316,1CT076417 h/4-/00000213
169,276,234,321,316,1CT076417 h/4-/00000214
170,172,196,228,239,1CT077786/4-/00000209
171,198,162,256,214,1CT077950 h/4-/00000175
172,211,155,259,213,1CT077950 h/4-/00000176
173,214,144,274,206,1CT077950 h/4-/00000177
174,239,167,304,228,1CT079273 h/5---/00000289
175,243,171,310,252,1CT079273 h/5---/00000290
176,228,168,314,244,1CT079273 h/5---/00000291
177,269,225,328,298,1CT079724 h/6-/00000224
178,279,223,325,297,1CT079724 h/6-/00000225
179,278,220,327,308,1CT079724 h/6-/00000226
180,254,227,296,264,1CT079868 h/4-Venous Phase  7.0  B20f/00000110
181,258,226,295,277,1CT079868 h/4-Venous Phase  7.0  B20f/00000111
182,252,227,299,281,1CT079868 h/4-Venous Phase  7.0  B20f/00000112
183,260,219,293,276,1CT080177/4-Venous Phase  7.0  B30f/00000103
184,257,227,292,276,1CT080177/4-Venous Phase  7.0  B30f/00000104
185,254,233,296,278,1CT080177/4-Venous Phase  7.0  B30f/00000105
186,280,225,324,284,1CT080230 h/4-/00000211
187,276,213,325,290,1CT080230 h/4-/00000212
188,271,221,327,294,1CT080230 h/4-/00000213
189,134,196,222,257,1CT081619 h/4-Venous Phase  7.0  B30f/00000126
190,121,197,217,263,1CT081619 h/4-Venous Phase  7.0  B30f/00000127
191,111,213,197,269,1CT081619 h/4-Venous Phase  7.0  B30f/00000128
192,139,184,194,235,1CT086351/4-/00000176
193,267,139,311,213,1CT086671 h/4-Venous Phase  7.0  B30f/00000100
194,263,146,308,222,1CT086671 h/4-Venous Phase  7.0  B30f/00000101
195,251,145,311,224,1CT086671 h/4-Venous Phase  7.0  B30f/00000102
196,173,149,244,219,1CT087631/4-Venous Phase  7.0  B30f/00000107
197,142,131,273,225,1CT087631/4-Venous Phase  7.0  B30f/00000108
198,157,134,234,180,1CT087631/4-Venous Phase  7.0  B30f/00000109
199,261,188,316,274,1CT087983 h/4----/00000214
200,263,192,327,280,1CT087983 h/4----/00000215
201,270,201,331,286,1CT087983 h/4----/00000216
202,277,212,320,242,1CT087990h/4-Venous Phase  5.0  B30f/00000166
203,289,215,323,247,1CT087990h/4-Venous Phase  5.0  B30f/00000167
204,290,212,327,250,1CT087990h/4-Venous Phase  5.0  B30f/00000168
205,242,141,304,225,1CT088375 h/5----/00000150
206,244,138,314,235,1CT088375 h/5----/00000151
207,235,139,311,238,1CT088375 h/5----/00000152
208,242,111,294,144,1CT090181 h/4-/00000215
209,235,99,303,152,1CT090181 h/4-/00000216
210,234,104,293,145,1CT090181 h/4-/00000217
211,250,179,290,226,1CT090533/4----/00000244
212,170,211,215,256,1CT091346/4-/00000370
213,261,173,323,258,1CT092584 h/4-Venous Phase  7.0  B30f/00000106
214,252,178,317,257,1CT092584 h/4-Venous Phase  7.0  B30f/00000107
215,256,191,319,272,1CT092584 h/4-Venous Phase  7.0  B30f/00000108
216,159,170,274,246,1CT092702 h/4-Venous Phase  7.0  B30f/00000105
217,160,174,277,249,1CT092702 h/4-Venous Phase  7.0  B30f/00000106
218,157,178,286,258,1CT092702 h/4-Venous Phase  7.0  B30f/00000107
219,100,156,223,233,1CT092762h/4-Venous Phase  7.0  B30f/00000169
220,144,184,206,243,1CT092762h/4-Venous Phase  7.0  B30f/00000170
221,143,184,219,248,1CT092762h/4-Venous Phase  7.0  B30f/00000171
222,242,186,299,226,1CT093197 h/6-Venous Phase  7.0  B30f---/00000339
223,242,187,292,230,1CT093197 h/6-Venous Phase  7.0  B30f---/00000340
224,244,177,292,235,1CT093197 h/6-Venous Phase  7.0  B30f---/00000341
225,251,186,306,250,1CT093263 h/4-Venous Phase  7.0  B30f/00000106
226,225,195,297,251,1CT093263 h/4-Venous Phase  7.0  B30f/00000107
227,231,188,290,245,1CT093263 h/4-Venous Phase  7.0  B30f/00000108
228,299,180,317,225,1CT093356 h/4-Venous Phase  7.0  B30f/00000087
229,190,136,363,295,1CT095161 h/4-/00000231
230,197,129,358,287,1CT095161 h/4-/00000232
231,219,131,362,287,1CT095161 h/4-/00000233
232,158,168,201,221,1CT095287/4-Venous Phase  7.0  B30f/00000108
233,228,171,357,279,1CT095675 h/4-/00000297
234,206,173,360,285,1CT095675 h/4-/00000298
235,236,173,363,281,1CT095675 h/4-/00000299
236,197,129,312,172,1CT096988 h/4-/00000295
237,198,133,316,177,1CT096988 h/4-/00000296
238,197,133,319,179,1CT096988 h/4-/00000297
239,212,145,281,183,1CT097616/4-/00000208
240,272,199,323,265,1CT102084 h/6---/00000175
241,280,202,325,261,1CT102084 h/6---/00000176
242,278,214,324,261,1CT102084 h/6---/00000177
243,196,230,263,272,1CT102089/5---/00000169
244,252,199,322,258,1CT102393 h/4-/00000389
245,254,201,311,251,1CT102393 h/4-/00000390
246,261,207,311,250,1CT102393 h/4-/00000391
247,226,181,307,251,1CT103071 h/4-Venous Phase  7.0  B20f/00000073
248,230,178,313,239,1CT103071 h/4-Venous Phase  7.0  B20f/00000074
249,232,172,303,235,1CT103071 h/4-Venous Phase  7.0  B20f/00000075
250,195,171,268,228,1CT103467/4-/00000331
251,220,172,253,193,1CT106016/6-/00000520
252,186,149,263,194,1CT106100 h/4-Venous Phase  7.0  B20f/00000108
253,150,150,262,221,1CT106100 h/4-Venous Phase  7.0  B20f/00000109
254,148,153,254,213,1CT106100 h/4-Venous Phase  7.0  B20f/00000110
255,157,167,204,190,1CT106967/4-/00000456 (2)
256,242,219,307,249,1CT107242/4-Venous Phase  7.0  B30f/00000115
257,117,170,173,236,1CT107513/4-/00000314
258,253,159,340,297,1CT107689 h/6-Venous Phase  7.0  B30f/00000237
259,256,152,337,297,1CT107689 h/6-Venous Phase  7.0  B30f/00000238
260,249,158,342,303,1CT107689 h/6-Venous Phase  7.0  B30f/00000239
261,275,233,331,282,1CT107710 h/4-/00000242
262,265,222,331,290,1CT107710 h/4-/00000243
263,263,226,335,301,1CT107710 h/4-/00000244
264,244,176,299,248,1CT108096 h/4-/00000341
265,235,181,302,244,1CT108096 h/4-/00000342
266,258,186,305,254,1CT108096 h/4-/00000343
267,171,254,205,282,1CT109798 h/4-Venous Phase  7.0  B30f/00000127
268,169,254,205,283,1CT109798 h/4-Venous Phase  7.0  B30f/00000128
269,170,255,204,284,1CT109798 h/4-Venous Phase  7.0  B30f/00000129
270,180,226,210,244,1CT109926/4-Venous Phase  7.0  B30f/00000117
271,220,205,256,230,1CT110750/4-/00000292
272,146,144,188,231,1CT110750/4-/00000295
273,151,172,198,236,1CT110750/4-/00000296
274,142,176,213,236,1CT110750/4-/00000297
275,239,125,364,269,1CT111025 h/4-/00000365
276,233,137,364,294,1CT111025 h/4-/00000366
277,246,147,365,269,1CT111025 h/4-/00000367
278,272,191,313,245,1CT111353 h/4-/00000215
279,280,188,311,245,1CT111353 h/4-/00000216
280,279,186,313,239,1CT111353 h/4-/00000217
281,263,211,316,252,1CT111410 h/5----/00000430
282,267,196,313,248,1CT111410 h/5----/00000431
283,258,194,311,242,1CT111410 h/5----/00000432
284,263,168,324,251,1CT111793 h/4-/00000162
285,267,167,328,247,1CT111793 h/4-/00000163
286,265,177,327,245,1CT111793 h/4-/00000164
287,267,199,333,299,1CT112242 h/4-/00000290
288,264,197,328,296,1CT112242 h/4-/00000291
289,265,189,335,303,1CT112242 h/4-/00000292
290,226,103,304,207,1CT113506 h/4-/00000211
291,215,99,306,206,1CT113506 h/4-/00000212
292,217,93,310,210,1CT113506 h/4-/00000213
293,266,230,301,274,1CT114802 h/4-/00000150
294,267,233,301,275,1CT114802 h/4-/00000151
295,261,231,302,281,1CT114802 h/4-/00000152
296,207,195,250,232,1CT114967/4-/00000238
297,252,197,319,261,1CT115647 h/4-Venous Phase  7.0  B20f/00000105
298,259,198,314,261,1CT115647 h/4-Venous Phase  7.0  B20f/00000106
299,259,201,316,266,1CT115647 h/4-Venous Phase  7.0  B20f/00000107
300,258,175,324,274,1CT116201 h/4-Venous Phase  7.0  B30f/00000069
301,258,173,318,266,1CT116201 h/4-Venous Phase  7.0  B30f/00000070
302,247,172,321,259,1CT116201 h/4-Venous Phase  7.0  B30f/00000071
303,180,155,270,217,1CT116482h/4-Venous Phase  7.0  B30f/00000123
304,189,159,271,206,1CT116482h/4-Venous Phase  7.0  B30f/00000124
305,202,169,256,206,1CT116482h/4-Venous Phase  7.0  B30f/00000125
306,146,192,208,267,1CT117117h/4-/00000215
307,125,181,201,275,1CT117117h/4-/00000216
308,128,199,256,275,1CT117117h/4-/00000217
309,248,210,306,284,1CT117733 h/4-Venous Phase  7.0  B30f/00000105
310,258,215,302,278,1CT117733 h/4-Venous Phase  7.0  B30f/00000106
311,250,215,306,276,1CT117733 h/4-Venous Phase  7.0  B30f/00000107
312,203,214,291,286,1CT119078 h/4-/00000167
313,198,211,299,284,1CT119078 h/4-/00000168
314,184,210,303,286,1CT119078 h/4-/00000169
315,272,187,308,249,1CT120362 h/4-Venous Phase  5.0  B30f/00000142
316,274,184,307,246,1CT120362 h/4-Venous Phase  5.0  B30f/00000143
317,271,183,308,244,1CT120362 h/4-Venous Phase  5.0  B30f/00000144
318,213,98,280,188,1CT120488h/4-Venous Phase  7.0  B20f/00000092
319,200,95,286,195,1CT120488h/4-Venous Phase  7.0  B20f/00000093
320,215,151,284,178,1CT120488h/4-Venous Phase  7.0  B20f/00000094
321,252,119,343,160,1CT120489 h/5-Venous Phase  7.0  B20f/00000084
322,247,110,344,170,1CT120489 h/5-Venous Phase  7.0  B20f/00000085
323,252,116,332,171,1CT120489 h/5-Venous Phase  7.0  B20f/00000086
324,255,245,306,321,1CT121309 h/4-/00000171
325,258,246,309,326,1CT121309 h/4-/00000172
326,261,238,312,327,1CT121309 h/4-/00000173
327,246,219,371,316,1CT121342 h/S0000000/00000218
328,243,222,368,311,1CT121342 h/S0000000/00000219
329,252,221,368,316,1CT121342 h/S0000000/00000220
330,129,222,162,262,1CT121394h/4-Venous Phase  7.0  B30f/00000112
331,136,222,195,296,1CT121394h/4-Venous Phase  7.0  B30f/00000113
332,128,222,190,306,1CT121394h/4-Venous Phase  7.0  B30f/00000114
333,267,266,326,324,1CT122255 h/4-/00000166
334,265,261,321,323,1CT122255 h/4-/00000167
335,260,258,323,322,1CT122255 h/4-/00000168
336,275,202,322,234,1CT122441/6-/00000313
337,127,174,189,257,1CT122744 h/4-Venous Phase  7.0  B30f/00000113
338,118,178,194,257,1CT122744 h/4-Venous Phase  7.0  B30f/00000114
339,124,188,189,259,1CT122744 h/4-Venous Phase  7.0  B30f/00000115
340,234,164,368,300,1CT123307 h/4-Venous Phase  7.0  B30f/00000111
341,254,156,374,302,1CT123307 h/4-Venous Phase  7.0  B30f/00000112
342,270,191,386,303,1CT123307 h/4-Venous Phase  7.0  B30f/00000113
343,299,204,376,263,1CT123462 h/4-Venous Phase  7.0  B20f/00000054
344,285,201,375,277,1CT123462 h/4-Venous Phase  7.0  B20f/00000055
345,278,195,370,292,1CT123462 h/4-Venous Phase  7.0  B20f/00000056
346,246,223,290,261,1CT123481 h/4-/00000298
347,242,220,301,272,1CT123481 h/4-/00000299
348,254,232,300,279,1CT123481 h/4-/00000300
349,207,182,268,209,1CT123973/4-Venous Phase  7.0  B30f/00000112
350,265,185,347,297,1CT124782 h/4-/00000273
351,239,187,352,304,1CT124782 h/4-/00000274
352,259,197,353,292,1CT124782 h/4-/00000275
353,266,214,312,278,1CT124800 h/4-Venous Phase  7.0  B30f/00000093
354,266,188,335,283,1CT124800 h/4-Venous Phase  7.0  B30f/00000094
355,275,191,328,276,1CT124800 h/4-Venous Phase  7.0  B30f/00000095
356,287,213,342,250,1CT125896 h/S0000000/00000116
357,282,207,335,250,1CT125896 h/S0000000/00000117
358,295,217,331,251,1CT125896 h/S0000000/00000118
359,169,153,260,223,1CT127136 h/8----/00000443
360,162,146,256,230,1CT127136 h/8----/00000444
361,163,152,256,226,1CT127136 h/8----/00000445
362,141,256,188,321,1CT127141 h/4-/00000246
363,137,260,188,322,1CT127141 h/4-/00000247
364,137,267,188,327,1CT127141 h/4-/00000248
365,238,249,284,284,1CT127794/4-/00000120
366,289,220,335,309,1CT128803 h/4-/00000217
367,288,222,333,303,1CT128803 h/4-/00000218
368,280,221,334,312,1CT128803 h/4-/00000219
369,247,164,318,244,1CT128972 h/5----/00000453
370,241,162,323,258,1CT128972 h/5----/00000454
371,235,165,321,259,1CT128972 h/5----/00000455
372,247,146,296,227,1CT129864 h/4-/00000211
373,241,146,298,231,1CT129864 h/4-/00000212
374,229,149,299,234,1CT129864 h/4-/00000213
375,249,151,310,225,1CT131068 h/4-Venous Phase  7.0  B20f/00000081
376,254,157,311,231,1CT131068 h/4-Venous Phase  7.0  B20f/00000082
377,260,156,309,224,1CT131068 h/4-Venous Phase  7.0  B20f/00000083
378,239,196,321,298,1CT131938 h/4-Venous Phase  7.0  B20f/00000118
379,243,198,329,299,1CT131938 h/4-Venous Phase  7.0  B20f/00000119
380,246,192,356,300,1CT131938 h/4-Venous Phase  7.0  B20f/00000120
381,136,241,196,286,1CT131974/4-Venous Phase  7.0  B20f/00000126
382,137,240,175,291,1CT131974/4-Venous Phase  7.0  B20f/00000127
383,142,244,181,289,1CT131974/4-Venous Phase  7.0  B20f/00000128
384,285,185,340,284,1CT132348 h/4-/00000203
385,285,191,343,282,1CT132348 h/4-/00000204
386,289,192,346,282,1CT132348 h/4-/00000205
387,176,174,247,212,1CT135142 h/4-Venous Phase  7.0  B20f/00000148
388,176,176,242,210,1CT135142 h/4-Venous Phase  7.0  B20f/00000149
389,185,184,226,211,1CT135142 h/4-Venous Phase  7.0  B20f/00000150
390,243,192,303,294,1CT137109 h/4-/00000206
391,245,196,313,292,1CT137109 h/4-/00000207
392,241,198,319,292,1CT137109 h/4-/00000208
393,238,212,305,270,1CT137357/4-Venous Phase  5.0  B30f/00000192
394,266,206,309,282,1CT139044 h/4-Venous Phase  7.0  B20f/00000106
395,260,225,316,282,1CT139044 h/4-Venous Phase  7.0  B20f/00000107
396,269,234,319,287,1CT139044 h/4-Venous Phase  7.0  B20f/00000108
397,258,235,303,287,1CT141062 h/4-Venous Phase  7.0  B30f/00000081
398,260,233,309,295,1CT141062 h/4-Venous Phase  7.0  B30f/00000082
399,249,235,318,302,1CT141062 h/4-Venous Phase  7.0  B30f/00000083
400,287,199,342,260,1CT142209 h/4-Venous Phase  7.0  B30f/00000102
401,289,192,342,285,1CT142209 h/4-Venous Phase  7.0  B30f/00000103
402,277,197,347,285,1CT142209 h/4-Venous Phase  7.0  B30f/00000104
403,252,150,319,248,1CT144655 h/4-Venous Phase  7.0  B20f/00000082
404,255,160,318,252,1CT144655 h/4-Venous Phase  7.0  B20f/00000083
405,252,155,323,256,1CT144655 h/4-Venous Phase  7.0  B20f/00000084
406,251,200,320,281,1CT145510 h/4-/00000165
407,237,205,322,290,1CT145510 h/4-/00000166
408,238,207,320,282,1CT145510 h/4-/00000167
409,197,204,218,239,1CT146093/4-/00000234
410,179,185,209,235,1CT147065/4-Venous Phase  5.0  B30f/00000167
411,252,224,298,320,1CT147487 h/4-Venous Phase  5.0  B30f/00000111
412,250,230,299,318,1CT147487 h/4-Venous Phase  5.0  B30f/00000112
413,234,192,311,323,1CT147487 h/4-Venous Phase  5.0  B30f/00000113
414,282,182,310,198,1CT157174/4-/00000181
415,260,190,310,261,1CT158200 h/4-Venous Phase  5.0  B20f/00000111
416,259,189,311,262,1CT158200 h/4-Venous Phase  5.0  B20f/00000112
417,259,188,312,264,1CT158200 h/4-Venous Phase  5.0  B20f/00000113
418,267,215,305,257,1CT158894 h/4-/00000165
419,265,215,306,259,1CT158894 h/4-/00000166
420,260,210,308,262,1CT158894 h/4-/00000167
421,160,166,259,256,1CT159573/4-/00000179
422,193,169,260,218,1CT159573/4-/00000180
423,190,176,255,214,1CT159573/4-/00000181
424,177,179,248,248,1CT160481h/4-/00000213
425,150,178,255,241,1CT160481h/4-/00000214
426,144,183,257,262,1CT160481h/4-/00000215
427,215,197,285,252,1CT161927/4-/00000224
428,180,214,290,280,1CT161927/4-/00000225
429,184,217,290,273,1CT161927/4-/00000226
430,274,210,330,263,1CT162198 h/7----/00000914
431,276,206,325,261,1CT162198 h/7----/00000915
432,276,213,328,263,1CT162198 h/7----/00000916
433,241,188,287,217,1CT162847 h/4-/00000225
434,248,191,292,218,1CT162847 h/4-/00000226
435,248,191,289,219,1CT162847 h/4-/00000227
436,212,141,280,189,1CT164749 h/5---/00000406
437,195,138,282,188,1CT164749 h/5---/00000407
438,206,136,291,185,1CT164749 h/5---/00000408
439,258,169,368,295,1CT165779 h/S0000000/00000169
440,247,168,379,293,1CT165779 h/S0000000/00000170
441,246,165,386,298,1CT165779 h/S0000000/00000171
442,154,184,289,261,1CT166628/4-/00000170
443,182,182,292,265,1CT166628/4-/00000171
444,149,162,318,255,1CT166628/4-/00000172
445,180,154,240,201,1CT167123 h/5-/00000245
446,182,148,241,203,1CT167123 h/5-/00000246
447,178,142,238,207,1CT167123 h/5-/00000247
448,206,180,275,226,1CT171884h/4-/00000221
449,191,182,265,239,1CT171884h/4-/00000224
450,203,187,263,231,1CT171884h/4-/00000226
451,208,187,291,227,1CT171884h/4-/00000227
452,266,210,316,279,1CT174390 h/4-Venous Phase  7.0  B30f/00000112
453,263,198,315,277,1CT174390 h/4-Venous Phase  7.0  B30f/00000113
454,258,197,319,283,1CT174390 h/4-Venous Phase  7.0  B30f/00000114
455,258,187,314,268,1CT174521 h/4-/00000199
456,261,200,324,280,1CT174521 h/4-/00000200
457,261,207,329,278,1CT174521 h/4-/00000201
458,149,115,219,196,1CT174944h/4-/00000208
459,134,119,227,218,1CT174944h/4-/00000209
460,138,122,219,199,1CT174944h/4-/00000210
461,172,163,258,246,1CT175521 h/4-Venous Phase  5.0  B20f/00000154
462,171,166,243,241,1CT175521 h/4-Venous Phase  5.0  B20f/00000155
463,172,172,230,248,1CT175521 h/4-Venous Phase  5.0  B20f/00000156
464,221,201,250,221,1CT175669 h/4-/00000306
465,219,197,245,220,1CT175669 h/4-/00000307
466,213,195,246,220,1CT175669 h/4-/00000308
467,167,236,209,264,1CT176493h/5----/00000485
468,159,227,221,277,1CT176493h/5----/00000486
469,155,222,238,275,1CT176493h/5----/00000487
470,161,218,257,267,1CT177597 h/5----/00000490
471,154,216,250,272,1CT177597 h/5----/00000491
472,153,214,249,270,1CT177597 h/5----/00000492
473,347,200,420,291,1CT177847 h/4-/00000331
474,336,176,401,291,1CT177847 h/4-/00000332
475,265,192,398,295,1CT177847 h/4-/00000333
476,232,166,281,209,1CT178388 h/4-/00000233
477,221,160,278,214,1CT178388 h/4-/00000234
478,233,150,278,217,1CT178388 h/4-/00000235
479,253,210,303,286,1CT178871 h/4-/00000171
480,249,210,311,290,1CT178871 h/4-/00000172
481,252,217,311,280,1CT178871 h/4-/00000173
482,209,176,272,228,1CT179220 h/4-Venous Phase  5.0  B20f/00000102
483,206,182,286,239,1CT179220 h/4-Venous Phase  5.0  B20f/00000103
484,222,179,286,231,1CT179220 h/4-Venous Phase  5.0  B20f/00000104
485,292,216,330,269,1CT179689 h/4-/00000215
486,290,220,329,268,1CT179689 h/4-/00000216
487,284,228,334,271,1CT179689 h/4-/00000217
488,177,189,239,229,1CT180206 h/4-Venous Phase  5.0  B20f/00000124
489,181,186,244,234,1CT180206 h/4-Venous Phase  5.0  B20f/00000125
490,191,188,246,233,1CT180206 h/4-Venous Phase  5.0  B20f/00000126
491,301,281,340,344,1CT180455h/4-/00000306
492,298,289,340,343,1CT180455h/4-/00000307
493,300,285,348,349,1CT180455h/4-/00000308
494,173,168,229,237,1CT184289 h/6-/00000428
495,175,191,226,236,1CT184289 h/6-/00000429
496,175,191,227,241,1CT184289 h/6-/00000430
497,273,183,304,228,1CT189810 h/6-/00000383
498,265,181,304,235,1CT189810 h/6-/00000384
499,259,186,304,237,1CT189810 h/6-/00000385
500,246,245,302,295,1CT191153 h/5-/00000294
501,249,238,304,288,1CT191153 h/5-/00000295
502,247,221,299,299,1CT191153 h/5-/00000296
503,278,184,338,274,1CT191472 h/4-/00000216
504,280,173,344,277,1CT191472 h/4-/00000217
505,274,168,346,279,1CT191472 h/4-/00000218
506,183,213,247,304,1CT191615 h/4-/00000214
507,181,213,256,287,1CT191615 h/4-/00000215
508,183,216,267,297,1CT191615 h/4-/00000216
509,145,155,195,206,1CT192340 h/4-/00000240
510,147,153,202,208,1CT192340 h/4-/00000241
511,146,151,204,223,1CT192340 h/4-/00000242
512,294,217,355,291,1CT193303/S0000000/00000146
513,275,213,349,279,1CT193790/S0000000/00000230
514,278,200,362,313,1CT193967 h/S0000000/00000192
515,261,202,363,302,1CT193967 h/S0000000/00000193
516,256,202,365,292,1CT193967 h/S0000000/00000194
517,256,145,313,231,1CT194351 h/4-Venous Phase  7.0  B30f/00000119
518,252,138,313,249,1CT194351 h/4-Venous Phase  7.0  B30f/00000120
519,252,147,312,244,1CT194351 h/4-Venous Phase  7.0  B30f/00000121
520,206,144,251,189,1CT194677 h/4-/00000217
521,197,143,260,207,1CT194677 h/4-/00000218
522,198,148,253,190,1CT194677 h/4-/00000219
523,180,166,239,241,1CT195882h/6-Venous Phase  5.0  B30f/00000298
524,181,180,254,227,1CT196339h/6-Venous Phase  5.0  B30f/00000364
525,183,173,256,226,1CT196339h/6-Venous Phase  5.0  B30f/00000365
526,184,173,256,224,1CT196339h/6-Venous Phase  5.0  B30f/00000366
527,312,179,356,225,1CT197359 h/4-/00000165
528,315,180,358,226,1CT197359 h/4-/00000166
529,318,181,362,231,1CT197359 h/4-/00000167
530,257,195,313,257,1CT198186 h/4-Venous Phase  5.0  B30f/00000155
531,251,197,318,261,1CT198186 h/4-Venous Phase  5.0  B30f/00000156
532,253,200,324,258,1CT198186 h/4-Venous Phase  5.0  B30f/00000157
533,178,204,270,244,1CT198522h/6-Venous Phase  5.0  B30f/00000364
534,194,221,269,243,1CT198522h/6-Venous Phase  5.0  B30f/00000365
535,190,210,273,246,1CT198522h/6-Venous Phase  5.0  B30f/00000366
536,191,171,240,211,1CT199251 h/6-Venous Phase  7.0  B30f/00000264
537,194,170,241,221,1CT199251 h/6-Venous Phase  7.0  B30f/00000265
538,201,171,245,217,1CT199251 h/6-Venous Phase  7.0  B30f/00000266
539,260,196,307,270,1CT200973 h/4-/00000215
540,253,197,312,265,1CT200973 h/4-/00000216
541,251,180,313,271,1CT200973 h/4-/00000217
542,269,176,317,226,1CT201459 h/4-/00000218
543,277,179,320,220,1CT201459 h/4-/00000219
544,279,177,329,225,1CT201459 h/4-/00000220
545,98,160,183,257,1CT201858 h/6-Venous Phase  5.0  B30f/00000474
546,86,174,191,271,1CT201858 h/6-Venous Phase  5.0  B30f/00000475
547,86,185,190,284,1CT201858 h/6-Venous Phase  5.0  B30f/00000476
548,234,152,283,183,1CT201925/4-/00000208
549,241,166,285,231,1CT202128 h/4-Venous Phase  7.0  B30f/00000127
550,240,172,289,224,1CT202128 h/4-Venous Phase  7.0  B30f/00000128
551,239,172,292,232,1CT202128 h/4-Venous Phase  7.0  B30f/00000129
552,267,172,320,235,1CT204950 h/6-Venous Phase  5.0  B30f/00000326
553,262,169,319,233,1CT204950 h/6-Venous Phase  5.0  B30f/00000327
554,263,167,318,237,1CT204950 h/6-Venous Phase  5.0  B30f/00000328
555,199,155,250,221,1CT206253/5-Venous Phase  5.0  B30f/00000272
556,191,151,254,220,1CT206253/5-Venous Phase  5.0  B30f/00000273
557,188,159,254,222,1CT206253/5-Venous Phase  5.0  B30f/00000274
558,248,145,292,180,1CT206680h/5-/00000466
559,244,142,299,182,1CT206680h/5-/00000467
560,237,146,292,194,1CT206680h/5-/00000468
561,254,244,320,308,1CT207593 h/4-Venous Phase  5.0  B20f/00000099
562,254,236,321,324,1CT207593 h/4-Venous Phase  5.0  B20f/00000100
563,264,237,320,322,1CT207593 h/4-Venous Phase  5.0  B20f/00000101
564,148,179,210,246,1CT207740/S0000000/00000230
565,213,150,295,228,1CT208454 h/4-Venous Phase  5.0  B20f/00000175
566,207,151,303,233,1CT208454 h/4-Venous Phase  5.0  B20f/00000176
567,197,150,307,238,1CT208454 h/4-Venous Phase  5.0  B20f/00000177
568,255,247,298,299,1CT208559 h/4-Venous Phase  5.0  B30f/00000116
569,251,242,298,294,1CT208559 h/4-Venous Phase  5.0  B30f/00000117
570,251,244,301,295,1CT208559 h/4-Venous Phase  5.0  B30f/00000118
571,238,194,263,202,1CT208779/6-Venous Phase  5.0  B30f/00000289
572,222,155,298,246,1CT210203 h/4-Venous Phase  5.0  B30f/00000160
573,232,162,299,245,1CT210203 h/4-Venous Phase  5.0  B30f/00000161
574,232,154,302,230,1CT210203 h/4-Venous Phase  5.0  B30f/00000162
575,254,175,311,246,1CT211167 h/4-Venous Phase  5.0  B30f/00000157
576,251,180,314,253,1CT211167 h/4-Venous Phase  5.0  B30f/00000158
577,259,173,311,217,1CT211167 h/4-Venous Phase  5.0  B30f/00000159
578,240,160,279,184,1CT211562h/4-/00000231
579,232,162,278,188,1CT211562h/4-/00000232
580,239,168,270,182,1CT211562h/4-/00000233
581,261,226,323,304,1CT214102 h/5-/00000227
582,260,219,329,302,1CT214102 h/5-/00000228
583,261,216,330,298,1CT214102 h/5-/00000229
584,254,114,370,214,1CT214758 h/S0000000/00000206
585,253,113,372,222,1CT214758 h/S0000000/00000207
586,246,112,373,231,1CT214758 h/S0000000/00000208
587,211,210,231,232,1CT215206h/4-Venous Phase  5.0  B30f/00000153
588,210,208,230,229,1CT215206h/4-Venous Phase  5.0  B30f/00000154
589,269,212,320,268,1CT215695 h/5-/00000223
590,261,218,318,269,1CT215695 h/5-/00000224
591,264,226,324,276,1CT215695 h/5-/00000225
592,193,158,218,202,1CT218211h/7-/00000475
593,188,153,220,203,1CT218211h/7-/00000476
594,192,158,213,206,1CT218211h/7-/00000477
595,168,175,209,236,1CT219592 h/4-/00000179
596,168,171,214,235,1CT219592 h/4-/00000180
597,165,179,224,235,1CT219592 h/4-/00000181
598,266,217,324,335,1CT221077 h/4-Venous Phase  5.0  B20f/00000098
599,260,215,328,330,1CT221077 h/4-Venous Phase  5.0  B20f/00000099
600,264,223,331,339,1CT221077 h/4-Venous Phase  5.0  B20f/00000100
601,297,194,328,243,1CT221487/5-/00000449
602,260,238,311,289,1CT222117 h/6-Venous Phase  7.0  B30f/00000218
603,261,238,319,288,1CT222117 h/6-Venous Phase  7.0  B30f/00000219
604,262,228,317,288,1CT222117 h/6-Venous Phase  7.0  B30f/00000220
605,280,196,355,314,1CT222784 h/4-Venous Phase  5.0  B20f/00000092
606,286,203,372,301,1CT222784 h/4-Venous Phase  5.0  B20f/00000093
607,287,208,383,302,1CT222784 h/4-Venous Phase  5.0  B20f/00000094
608,253,152,294,206,1CT223144 h/8-/00000636
609,258,156,298,195,1CT223144 h/8-/00000637
610,247,146,308,191,1CT223144 h/8-/00000638
611,290,177,328,221,1CT224719/S0000000/00000288
612,297,156,337,198,1CT228852h/6-Venous Phase  5.0  B30f/00000180
613,266,227,324,300,1CT229506 h/6-Venous Phase  5.0  B20f/00000278
614,265,225,321,295,1CT229506 h/6-Venous Phase  5.0  B20f/00000279
615,263,217,321,299,1CT229506 h/6-Venous Phase  5.0  B20f/00000280
616,305,173,347,238,1CT230578 h/5-/00000400
617,302,170,348,234,1CT230578 h/5-/00000401
618,303,175,349,229,1CT230578 h/5-/00000402
619,263,240,364,347,1CT231565 h/S0000000/00000164
620,256,243,365,346,1CT231565 h/S0000000/00000165
621,251,241,366,351,1CT231565 h/S0000000/00000166
622,258,167,295,207,1CT231628h/6-/00000440
623,255,219,302,267,1CT231681 h/6-Venous Phase  5.0  B20f/00000292
624,253,219,303,280,1CT231681 h/6-Venous Phase  5.0  B20f/00000293
625,252,223,305,282,1CT231681 h/6-Venous Phase  5.0  B20f/00000294
626,210,199,321,272,1CT233016 h/4-/00000222
627,215,212,322,277,1CT233016 h/4-/00000223
628,203,203,332,282,1CT233016 h/4-/00000224
629,271,192,307,228,1CT235432h/6-Venous Phase  5.0  B30f/00000322
630,158,159,225,219,1CT236191h/4-Venous Phase  5.0  B20f/00000166
631,182,156,279,217,1CT236191h/4-Venous Phase  5.0  B20f/00000167
632,181,142,227,220,1CT239999 h/4-Venous Phase  5.0  B30f/00000156
633,172,135,227,222,1CT239999 h/4-Venous Phase  5.0  B30f/00000157
634,169,144,221,215,1CT239999 h/4-Venous Phase  5.0  B30f/00000158
635,250,184,373,273,1CT240881 h/5-/00000475
636,252,184,374,274,1CT240881 h/5-/00000476
637,246,184,383,277,1CT240881 h/5-/00000477
638,172,228,228,277,1CT241418 h/5-/00000447
639,154,211,235,272,1CT241418 h/5-/00000448
640,153,207,232,269,1CT241418 h/5-/00000449
641,194,184,236,246,1CT243053h/4-/00000169
642,178,199,215,244,1CT243053h/4-/00000170
643,199,218,232,249,1CT243053h/4-/00000171
644,173,202,239,245,1CT243055 h/6-Venous Phase  5.0  B20f/00000263
645,172,190,243,259,1CT243055 h/6-Venous Phase  5.0  B20f/00000264
646,168,182,248,259,1CT243055 h/6-Venous Phase  5.0  B20f/00000265
647,261,189,326,271,1CT245121 h/5-/00000406
648,263,193,322,273,1CT245121 h/5-/00000407
649,270,189,325,259,1CT245121 h/5-/00000408
650,243,202,300,285,1CT247603 h/4-Venous Phase  5.0  B30f/00000227
651,234,202,309,295,1CT247603 h/4-Venous Phase  5.0  B30f/00000228
652,228,202,317,294,1CT247603 h/4-Venous Phase  5.0  B30f/00000229
653,180,131,292,214,1CT248081 h/6-Venous Phase  7.0  B30f/00000234
654,158,98,281,196,1CT248081 h/6-Venous Phase  7.0  B30f/00000235
655,159,99,282,172,1CT248081 h/6-Venous Phase  7.0  B30f/00000236
656,246,149,320,230,1CT248447 h/4-Venous Phase  5.0  B30f/00000241
657,237,150,316,237,1CT248447 h/4-Venous Phase  5.0  B30f/00000242
658,241,152,314,236,1CT248447 h/4-Venous Phase  5.0  B30f/00000243
659,261,206,332,294,1CT249184 h/6-Venous Phase  5.0  B20f/00000404
660,263,197,338,304,1CT249184 h/6-Venous Phase  5.0  B20f/00000405
661,238,204,339,308,1CT249184 h/6-Venous Phase  5.0  B20f/00000406
662,255,128,330,245,1CT250636 h/5-Venous Phase  5.0  B30f/00000191
663,249,132,333,266,1CT250636 h/5-Venous Phase  5.0  B30f/00000192
664,252,137,327,271,1CT250636 h/5-Venous Phase  5.0  B30f/00000193
665,260,197,313,272,1CT256270 h/6-Venous Phase  5.0  B30f/00000271
666,257,206,312,268,1CT256270 h/6-Venous Phase  5.0  B30f/00000272
667,256,214,314,267,1CT256270 h/6-Venous Phase  5.0  B30f/00000273
668,256,172,335,268,1CT258822 h(/6-Venous Phase  5.0  B20f/00000194
669,260,173,325,273,1CT258822 h(/6-Venous Phase  5.0  B20f/00000195
670,260,171,321,269,1CT258822 h(/6-Venous Phase  5.0  B20f/00000196
671,262,202,331,272,1CT264090 h/S0000000/00000108
672,263,205,332,273,1CT264090 h/S0000000/00000109
673,268,206,332,277,1CT264090 h/S0000000/00000110
674,235,212,289,267,1CT267400 h/4-/00000233
675,238,215,292,276,1CT267400 h/4-/00000234
676,239,206,294,271,1CT267400 h/4-/00000235
677,254,171,318,237,1CT272119 h/4-Venous Phase  5.0  B30f/00000119
678,249,158,317,238,1CT272119 h/4-Venous Phase  5.0  B30f/00000120
679,234,144,321,240,1CT272119 h/4-Venous Phase  5.0  B30f/00000121
680,255,204,308,278,1CT272268 h/6-Venous Phase  5.0  B30f/00000229
681,253,202,307,278,1CT272268 h/6-Venous Phase  5.0  B30f/00000230
682,246,201,307,278,1CT272268 h/6-Venous Phase  5.0  B30f/00000231
683,193,145,262,232,1CT272687 h/4-Venous Phase  5.0  B30f/00000161
684,194,163,257,224,1CT272687 h/4-Venous Phase  5.0  B30f/00000162
685,182,153,255,195,1CT272687 h/4-Venous Phase  5.0  B30f/00000163
686,235,147,282,228,1CT274415 h/6-Venous Phase  5.0  B30f/00000320
687,245,148,294,219,1CT274415 h/6-Venous Phase  5.0  B30f/00000321
688,244,146,299,211,1CT274415 h/6-Venous Phase  5.0  B30f/00000322
689,229,135,287,202,1CT277394 h/4-/00000224
690,236,145,284,195,1CT277394 h/4-/00000225
691,236,149,282,188,1CT277394 h/4-/00000226
692,265,192,318,288,1CT277790 h/7-/00000775
693,256,192,323,282,1CT277790 h/7-/00000776
694,243,197,338,281,1CT277790 h/7-/00000777
695,239,168,303,236,1CT277791 h/5-/00000506
696,242,138,303,240,1CT277791 h/5-/00000507
697,241,130,303,248,1CT277791 h/5-/00000508
698,132,104,212,189,1CT278332 h/5-/00000390
699,126,105,214,194,1CT278332 h/5-/00000391
700,140,108,224,190,1CT278332 h/5-/00000392
701,151,150,190,195,1CT278803h/6-Venous Phase  5.0  B20f/00000233
702,152,155,186,196,1CT278803h/6-Venous Phase  5.0  B20f/00000234
703,141,151,208,209,1CT278803h/6-Venous Phase  5.0  B20f/00000235
704,288,194,321,238,1CT281943h/4-/00000313
705,284,192,317,240,1CT281943h/4-/00000314
706,271,194,311,240,1CT281943h/4-/00000315
707,260,216,337,306,1CT282266 h/4-/00000243
708,270,218,335,303,1CT282266 h/4-/00000244
709,276,221,345,306,1CT282266 h/4-/00000245
710,274,220,359,289,1CT283906 h/4-Venous Phase  5.0  B30f/00000147
711,271,217,347,302,1CT283906 h/4-Venous Phase  5.0  B30f/00000148
712,258,218,342,272,1CT283906 h/4-Venous Phase  5.0  B30f/00000149
713,158,147,227,222,1CT285462h/4-Venous Phase  5.0  B20f/00000176
714,161,147,224,217,1CT285462h/4-Venous Phase  5.0  B20f/00000177
715,165,151,219,222,1CT285462h/4-Venous Phase  5.0  B20f/00000178
716,212,182,303,255,1CT288396 h/4-Venous Phase  5.0  B30f/00000143
717,222,185,303,251,1CT288396 h/4-Venous Phase  5.0  B30f/00000144
718,222,185,307,259,1CT288396 h/4-Venous Phase  5.0  B30f/00000145
719,234,225,301,322,1CT290109 h/6-Venous Phase  5.0  B20f/00000298
720,236,223,300,324,1CT290109 h/6-Venous Phase  5.0  B20f/00000299
721,233,230,298,321,1CT290109 h/6-Venous Phase  5.0  B20f/00000300
722,293,242,327,276,1CT291198 h/4-Venous Phase  5.0  B20f/00000159
723,290,235,326,281,1CT291198 h/4-Venous Phase  5.0  B20f/00000160
724,286,230,325,286,1CT291198 h/4-Venous Phase  5.0  B20f/00000161
725,156,153,235,248,1CT291272 h/7-/00000513
726,153,154,232,248,1CT291272 h/7-/00000514
727,151,155,227,245,1CT291272 h/7-/00000515
728,298,208,366,277,1CT293261/S0000000/00000248
729,259,186,304,254,1CT294403 h/6-Venous Phase  5.0  B30f/00000462
730,257,190,305,254,1CT294403 h/6-Venous Phase  5.0  B30f/00000463
731,246,185,309,259,1CT294403 h/6-Venous Phase  5.0  B30f/00000464
732,214,177,277,243,1CT294834 h/4-/00000223
733,179,178,281,255,1CT294834 h/4-/00000224
734,183,181,281,255,1CT294834 h/4-/00000225
735,218,215,255,237,1CT297457/6-Venous Phase  5.0  B30f/00000292
736,218,204,261,227,1CT297457/6-Venous Phase  5.0  B30f/00000293
737,213,209,271,271,1CT297858 h/9-/00000629
738,214,225,289,273,1CT297858 h/9-/00000630
739,211,232,287,273,1CT297858 h/9-/00000631
740,255,167,313,279,1CT303347 h/6-Venous Phase  5.0  B30f/00000319
741,243,163,318,277,1CT303347 h/6-Venous Phase  5.0  B30f/00000320
742,258,203,315,276,1CT303347 h/6-Venous Phase  5.0  B30f/00000321
743,187,219,245,250,1CT303734/6-Venous Phase  5.0  B30f/00000323
744,227,193,260,227,1CT303880 h/6-/00000445
745,225,191,272,234,1CT303880 h/6-/00000446
746,224,189,275,223,1CT303880 h/6-/00000447
747,277,217,294,236,1CT304016h/6-Venous Phase  5.0  B30f/00000242
748,202,217,222,230,1CT304684/4-Venous Phase  5.0  B30f/00000150
749,243,159,336,254,1CT305833 h/5-/00000420
750,235,160,349,269,1CT305833 h/5-/00000421
751,232,174,346,272,1CT305833 h/5-/00000422
752,174,217,207,245,1CT306588/4-/00000326
753,234,192,304,270,1CT306646 h/7-/00000615
754,235,195,306,269,1CT306646 h/7-/00000616
755,240,198,304,262,1CT306646 h/7-/00000617
756,267,163,324,234,1CT313152 h/5-/00000512
757,271,162,319,243,1CT313152 h/5-/00000513
758,272,166,318,241,1CT313152 h/5-/00000514
759,160,174,192,205,1CT316031/4-Venous Phase  5.0  B30f/00000230
760,262,189,297,208,1CT316587/6-Venous Phase  5.0  B30f/00000331
761,161,184,209,236,1CT328653/5-Venous Phase  5.0  B20f/00000277
762,267,223,313,281,1CT330026 h/6-Venous Phase  5.0  B20f/00000257
763,249,227,317,288,1CT330026 h/6-Venous Phase  5.0  B20f/00000258
764,258,233,325,284,1CT330026 h/6-Venous Phase  5.0  B20f/00000259
765,263,147,339,262,1CT330893 h/4-Venous Phase  5.0  B30f/00000152
766,259,142,344,262,1CT330893 h/4-Venous Phase  5.0  B30f/00000153
767,260,151,336,261,1CT330893 h/4-Venous Phase  5.0  B30f/00000154
768,177,176,224,253,1CT331423/4-Venous Phase  5.0  B30f/00000202
769,242,156,290,181,1CT332791/4-Venous Phase  5.0  B30f/00000243
770,254,186,295,240,1CT333371 h/5-/00000505
771,256,181,296,238,1CT333371 h/5-/00000506
772,252,176,295,247,1CT333371 h/5-/00000507
773,266,181,313,245,1CT334088 h/8-Venous Phase  5.0  B30f/00000917
774,265,173,312,243,1CT334088 h/8-Venous Phase  5.0  B30f/00000918
775,263,172,315,246,1CT334088 h/8-Venous Phase  5.0  B30f/00000919
776,234,165,283,212,1CT334264/8-Venous Phase  5.0  B30f/00000953
777,267,177,314,248,1CT335363 h/6-Venous Phase  5.0  B20f/00000289
778,264,181,321,249,1CT335363 h/6-Venous Phase  5.0  B20f/00000290
779,262,189,325,250,1CT335363 h/6-Venous Phase  5.0  B20f/00000291
780,187,201,227,232,1CT335482/S0000000/00000880
781,253,166,313,231,1CT336379/5-/00000502
782,248,164,324,238,1CT336379/5-/00000503
783,237,174,294,236,1CT336379/5-/00000504
784,203,234,228,265,1CT336491/4-/00000247
785,248,175,301,239,1CT336564h/4-Venous Phase  5.0  B20f/00000125
786,247,178,306,227,1CT336564h/4-Venous Phase  5.0  B20f/00000126
787,238,177,301,221,1CT336564h/4-Venous Phase  5.0  B20f/00000127
788,270,147,336,247,1CT337142 h/5-Venous Phase  5.0  B20f/00000230
789,264,147,348,252,1CT337142 h/5-Venous Phase  5.0  B20f/00000231
790,268,152,354,255,1CT337142 h/5-Venous Phase  5.0  B20f/00000232
791,194,173,257,249,1CT337483/4-Venous Phase  5.0  B20f/00000122
792,200,182,262,236,1CT337483/4-Venous Phase  5.0  B20f/00000123
793,179,170,252,241,1CT337483/4-Venous Phase  5.0  B20f/00000124
794,190,251,220,304,1CT337968h/6-/00000385
795,191,249,217,296,1CT337968h/6-/00000386
796,192,258,211,310,1CT337968h/6-/00000387
797,220,192,273,223,1CT338708 h/6-Venous Phase  5.0  B30f/00000243
798,209,188,274,226,1CT338708 h/6-Venous Phase  5.0  B30f/00000244
799,219,196,267,225,1CT338708 h/6-Venous Phase  5.0  B30f/00000245
800,269,177,341,246,1CT347844 h/4-Venous Phase  5.0  B30f/00000104
801,273,184,335,268,1CT347844 h/4-Venous Phase  5.0  B30f/00000105
802,276,180,340,267,1CT347844 h/4-Venous Phase  5.0  B30f/00000106
803,251,211,303,281,1CT347871 h/6-Venous Phase  5.0  B30f/00000250
804,255,212,305,272,1CT347871 h/6-Venous Phase  5.0  B30f/00000251
805,254,213,309,284,1CT347871 h/6-Venous Phase  5.0  B30f/00000252
806,225,186,324,262,1CT351900 h/8-Venous Phase  5.0  B30f/00000719
807,241,170,324,260,1CT351900 h/8-Venous Phase  5.0  B30f/00000720
808,232,161,321,254,1CT351900 h/8-Venous Phase  5.0  B30f/00000721
809,172,140,211,206,1CT362955h/5-abd  5.0  B25f/00000302
810,168,127,210,215,1CT362955h/5-abd  5.0  B25f/00000303
811,170,123,202,223,1CT362955h/5-abd  5.0  B25f/00000304
812,305,202,346,254,1CT363532 h/5-/00000607
813,308,198,348,235,1CT363532 h/5-/00000608
814,313,198,351,267,1CT363532 h/5-/00000609
815,136,213,176,278,1CT365152h/10-/00000029
816,137,215,172,279,1CT365152h/10-/00000030
817,138,204,222,280,1CT365152h/10-/00000031
818,152,187,207,238,1CT365263/5-/00000297
819,275,211,377,311,1CT366518 h/7-Venous Phase  5.0  B30f/00000548
820,290,203,378,325,1CT366518 h/7-Venous Phase  5.0  B30f/00000549
821,285,226,376,309,1CT366518 h/7-Venous Phase  5.0  B30f/00000550
822,256,224,364,354,1CT367520 h/S0000000/00000574
823,258,213,371,351,1CT367520 h/S0000000/00000575
824,261,212,355,336,1CT367520 h/S0000000/00000576
825,276,217,303,240,1CT367589/5-/00000591
826,246,226,303,298,1CT371803 h/7-Venous Phase  5.0  B30f/00000404
827,243,228,304,289,1CT371803 h/7-Venous Phase  5.0  B30f/00000405
828,238,228,303,311,1CT371803 h/7-Venous Phase  5.0  B30f/00000406
829,249,166,309,230,1CT375724 h/6-Venous Phase  5.0  B30f/00000287
830,246,166,307,233,1CT375724 h/6-Venous Phase  5.0  B30f/00000288
831,249,177,305,238,1CT375724 h/6-Venous Phase  5.0  B30f/00000289
832,284,204,341,274,1CT382375 h/S0000000/00000021
833,279,204,334,268,1CT382375 h/S0000000/00000022
834,275,206,337,260,1CT382375 h/S0000000/00000023
835,240,199,300,235,1CT382385 h/S0000000/00000029
836,238,197,307,233,1CT382385 h/S0000000/00000030
837,234,200,305,236,1CT382385 h/S0000000/00000031
838,187,204,270,245,1CT382698h/S0000000/00000030
839,185,210,257,244,1CT382698h/S0000000/00000031
840,185,206,248,248,1CT382698h/S0000000/00000032
841,154,149,324,236,1CT386935 h/S0000000/00000034
842,156,152,309,229,1CT386935 h/S0000000/00000035
843,152,153,303,219,1CT386935 h/S0000000/00000036
844,266,196,310,271,1CT388262 h/S0000000/00000012
845,271,193,312,273,1CT388262 h/S0000000/00000013
846,275,184,316,251,1CT388262 h/S0000000/00000014
847,227,100,287,141,1CT391234 h/S0000000/00000026
848,221,95,282,141,1CT391234 h/S0000000/00000027
849,205,94,282,149,1CT391234 h/S0000000/00000028
850,261,234,321,323,1CT391758 h/S0000000/00000019
851,246,234,322,323,1CT391758 h/S0000000/00000020
852,244,236,331,325,1CT391758 h/S0000000/00000021
853,209,62,295,215,1CT392197 h/S0000000/00000018
854,201,62,299,224,1CT392197 h/S0000000/00000019
855,198,59,308,232,1CT392197 h/S0000000/00000020
856,256,179,298,254,1CT393156 h/S0000000/00000018
857,249,184,306,258,1CT393156 h/S0000000/00000019
858,242,180,307,252,1CT393156 h/S0000000/00000020
859,222,148,263,214,1CT393623 h/S0000000/00000028
860,213,151,282,218,1CT393623 h/S0000000/00000029
861,214,159,260,200,1CT393623 h/S0000000/00000030
862,252,206,300,260,1CT393625h/S0000000/00000018
863,252,201,305,253,1CT393625h/S0000000/00000019
864,249,198,303,261,1CT393625h/S0000000/00000020
865,262,201,301,260,1CT394877 h/S0000000/00000017
866,260,197,305,273,1CT394877 h/S0000000/00000018
867,255,200,307,279,1CT394877 h/S0000000/00000019
868,126,161,194,237,1CT397407 h/S0000000/00000033
869,120,165,194,227,1CT397407 h/S0000000/00000034
870,121,163,187,227,1CT397407 h/S0000000/00000035
871,257,233,338,303,1CT397645 h/S0000000/00000020
872,238,234,336,304,1CT397645 h/S0000000/00000021
873,259,238,333,306,1CT397645 h/S0000000/00000022
874,236,149,326,246,1CT398503/S0000000/00000017
875,230,130,329,255,1CT398503/S0000000/00000018
876,220,137,334,252,1CT398503/S0000000/00000019
877,183,129,272,175,1CT398503/S0000000/00000029
